Productname, Pricing, Reviews
APPLE iPhone 13 Mini (Midnight| 128 GB),Rs69 900,4.6

APPLE iPhone 13 Mini ((PRODUCT)RED| 128 GB),Rs69 900,4.6

APPLE iPhone 13 Mini (Starlight| 128 GB),Rs69 900,4.6

APPLE iPhone 13 Mini (Blue| 256 GB),Rs79 900,4.6

APPLE iPhone 13 Mini (Pink| 512 GB),Rs99 900,4.6

APPLE iPhone 13 Mini (Pink| 256 GB),Rs79 900,4.6

APPLE iPhone 13 Mini (Midnight| 256 GB),Rs79 900,4.6

APPLE iPhone 13 Mini ((PRODUCT)RED| 256 GB),Rs79 900,4.6

APPLE iPhone 13 Mini (Starlight| 512 GB),Rs99 900,4.6

APPLE iPhone 13 Mini (Midnight| 512 GB),Rs99 900,4.6

APPLE iPhone 13 Mini ((PRODUCT)RED| 512 GB),Rs99 900,4.6

APPLE iPhone 13 Mini (Blue| 512 GB),Rs99 900,4.6

APPLE iPhone 13 Mini (Blue| 128 GB),Rs69 900,4.6

APPLE iPhone 13 Mini (Pink| 128 GB),Rs79 900,4.6

APPLE iPhone 13 Mini (Starlight| 256 GB),Rs59 900,4.6

APPLE iPhone 12 Mini (Black| 64 GB),Rs59 900,4.5

APPLE iPhone 12 Mini (Blue| 64 GB),Rs64 900,4.5

APPLE iPhone 12 Mini (White| 128 GB),Rs74 900,4.5

APPLE iPhone 12 Mini (Black| 256 GB),Rs74 900,4.5

APPLE iPhone 12 Mini (Red| 256 GB),Rs74 900,4.5

APPLE iPhone 12 Mini (Purple| 256 GB),Rs74 900,4.5

APPLE iPhone 12 Mini (Green| 256 GB),Rs59 900,4.5

APPLE iPhone 12 Mini (White| 64 GB),Rs59 900,4.5
